[
  {
    "Date": "2020-12-02",
    "Fix1": "整体开发完成",
    "Fix2": "自动升级开发完成",
    "Fix3": "V1.4.4.1",
    "Remark": "目前已知BUG 1、请求konachan会报错原因是网络慢建议使用梯子。2、初始化可能会出现莫名其妙的错误，不过不影响使用。"
  },
  {
    "Date": "2020-12-01",
    "Fix1": "完成打赏功能开发",
    "Fix2": "暂无",
    "Fix3": "暂无",
    "Remark": "V1.4.3"
  },
  {
    "Date": "2020-11-30",
    "Fix1": "进度条开发",
    "Fix2": "下载功能完善",
    "Fix3": "自定义标签开发",
    "Remark": "V1.4.0"
  },
  {
    "Date": "2020-11-29",
    "Fix1": "多线程下载开发",
    "Fix2": "暂无",
    "Fix3": "暂无",
    "Remark": "V1.3.0"
  },
  {
    "Date": "2020-11-25",
    "Fix1": "收藏功能开发",
    "Fix2": "多线程文件下载预热",
    "Fix3": "暂无",
    "Remark": "V1.2.1"
  },
  {
    "Date": "2020-11-21",
    "Fix1": "观看记录的开发",
    "Fix2": "konachan预热",
    "Fix3": "暂无",
    "Remark": "V1.1.5"
  },
  {
    "Date": "2020-11-20",
    "Fix1": "番剧播放开发完成",
    "Fix2": "界面美化",
    "Fix3": "暂无",
    "Remark": "V1.0.9"
  },
  {
    "Date": "2020-11-19",
    "Fix1": "界面设计",
    "Fix2": "暂无",
    "Fix3": "暂无",
    "Remark": "V1.0.1"
  },
  {
    "Date": "2020-11-17",
    "Fix1": "构建项目",
    "Fix2": "完成基本数据模型的创建",
    "Fix3": "暂无",
    "Remark": "V1"
  }
]
